{
  "train_loss": [
    15.880261898040771,
    12.915459394454956,
    10.75776469707489,
    10.971756219863892,
    9.516375541687012,
    9.304662704467773,
    7.8165043592453,
    7.312721133232117,
    7.3718181848526,
    7.376863479614258
  ],
  "dev_loss": [
    15.567288398742676,
    27.745189666748047,
    13.657349586486816,
    16.159889221191406,
    14.916714668273926,
    17.192384719848633,
    11.726296424865723,
    11.432657241821289,
    12.094307899475098,
    11.780466079711914
  ],
  "dev_f1": [
    0.0,
    0.12121212121212122,
    0.0,
    0.06976744186046512,
    0.0,
    0.0,
    0.125,
    0.11764705882352941,
    0.12903225806451613,
    0.12903225806451613
  ],
  "dev_precision": [
    0.0,
    0.0759493670886076,
    0.0,
    0.045454545454545456,
    0.0,
    0.0,
    0.16666666666666666,
    0.14285714285714285,
    0.18181818181818182,
    0.18181818181818182
  ],
  "dev_recall": [
    0.0,
    0.3,
    0.0,
    0.15,
    0.0,
    0.0,
    0.1,
    0.1,
    0.1,
    0.1
  ],
  "learning_rate": [
    0.0005,
    0.001,
    0.00087625,
    0.0007524999999999999,
    0.0006287500000000001,
    0.000505,
    0.00038124999999999997,
    0.0002575000000000001,
    0.00013375000000000003,
    1.000000000000001e-05
  ]
}